"policy_id","customer_id","policy_type","policy_start_date","policy_end_date","premium_amount","payment_frequency","policy_status","customer_age","customer_gender","customer_occupation","customer_city","customer_state","customer_postal_code","customer_country","num_claims_last_year","total_claim_amount_last_year","has_late_payments","customer_tenure_years","renewal_offer_sent","renewal_offer_amount","renewed","renewal_date"
"POL0001","CUST001","auto","2023-01-15","2024-01-14","740.25","annual","active","29","male","software engineer","San Francisco","CA","94107","USA","0","0","false","4.2","true","755.2","true","2024-01-10"
"POL0002","CUST002","home","2016-09-05","2023-09-04","2150","annual","expired","54","female","bank teller","New York","NY","10005","USA","1","2500","false","7","true","2200","false","2023-09-02"
"POL0003","CUST003","health","2022-03-01","2023-03-01","590.5","monthly","active","23","female","student","Los Angeles","CA","90007","USA","0","0","true","1.1","false","","false",""
"POL0004","CUST004","life","2014-02-24","2024-02-23","7800","annual","active","62","male","retired teacher","Rome","RM","00185","Italy","0","0","false","18.5","true","7900","false","2024-02-20"
"POL0005","CUST005","travel","2023-05-12","2024-05-11","220","annual","active","41","female","nutritionist","Berlin","BE","10115","Germany","0","0","false","2.5","true","230","true","2024-05-08"
"POL0006","CUST006","auto","2020-06-28","2021-06-27","0","monthly","cancelled","21","male","unemployed","Chicago","IL","60616","USA","1","1500","true","0.8","false","","false",""
"POL0007","CUST007","home","2019-04-10","2024-04-09","3200.5","annual","active","37","male","business owner","Dubai","DU","00000","UAE","0","0","false","5","true","3250","true","2024-04-07"
"POL0008","CUST008","health","2021-08-01","2022-08-01","650","monthly","expired","32","female","designer","Paris","PAR","75001","France","0","0","true","2","false","","false",""
"POL0009","CUST009","life","1994-11-15","2024-11-14","12000","semi-annual","active","74","male","centenarian","Zurich","ZH","8001","Switzerland","0","0","false","30","true","11900","false","2024-11-12"
"POL0010","CUST010","other","2019-07-21","2024-07-20","53900","annual","active","48","female","investment banker","London","ENG","EC2M","UK","1","80000","false","9.8","true","55000","true","2024-07-18"
"POL0011","CUST011","auto","2022-10-22","2023-10-21","350","monthly","expired","19","female","student","Austin","TX","73301","USA","0","0","true","1","false","","false",""
"POL0012","CUST012","health","2018-02-15","2023-02-14","880","annual","expired","39","male","factory worker","Hamburg","HH","20095","Germany","2","1800","false","5.1","true","900","false","2023-02-13"
"POL0013","CUST013","travel","2021-01-13","2022-01-12","110","annual","expired","27","male","tour guide","Cape Town","WC","8000","South Africa","0","0","true","1","false","","false",""
"POL0014","CUST014","other","2015-09-23","2022-09-22","9200","quarterly","expired","46","female","artist","Rio de Janeiro","RJ","20031-050","Brazil","0","0","false","7","true","9500","true","2022-09-20"
"POL0015","CUST015","auto","2023-06-18","2024-06-17","480","annual","active","35","female","designer","Sydney","NSW","2000","Australia","0","0","false","3","true","495","true","2024-06-15"
"POL0016","CUST016","health","2023-09-30","2024-09-29","670","quarterly","active","31","male","bank teller","Boston","MA","02108","USA","2","1200","false","2","true","695","true","2024-09-25"
"POL0017","CUST017","auto","2022-04-17","2023-04-16","0","monthly","cancelled","22","male","student","Phoenix","AZ","85004","USA","1","500","true","0.5","false","","false",""
"POL0018","CUST018","home","2007-07-10","2022-07-09","8000","semi-annual","expired","65","female","doctor","Tokyo","TK","100-0001","Japan","1","5000","true","15.3","true","8100","false","2022-07-08"
"POL0019","CUST019","travel","2023-01-27","2024-01-26","320","annual","active","45","male","tour guide","Berlin","BE","10115","Germany","2","1200","false","3.4","true","335","true","2024-01-23"
"POL0020","CUST020","life","2002-05-20","2022-05-19","15000","annual","expired","71","female","retired doctor","Delhi","DL","110001","India","0","0","false","20","true","15500","false","2022-05-16"
"POL0021","CUST021","health","2023-02-05","2024-02-04","900","quarterly","active","36","male","nutritionist","Paris","PAR","75017","France","1","900","false","3.2","true","920","true","2024-02-02"
"POL0022","CUST022","other","2021-11-12","2022-11-11","7200","annual","expired","38","female","artist","Munich","BY","80331","Germany","0","0","false","1.8","false","","false",""
"POL0023","CUST023","auto","2022-05-19","2023-05-19","630","annual","expired","28","female","designer","London","ENG","E1 6AN","UK","0","0","false","2","false","","false",""
"POL0024","CUST024","travel","2023-07-07","2024-07-06","175","annual","active","24","female","student","Sydney","NSW","2000","Australia","0","0","true","1","false","","false",""
"POL0025","CUST025","home","2015-04-23","2024-04-22","12000","semi-annual","active","66","female","retired","Rome","RM","00185","Italy","2","4000","true","12","true","12200","false","2024-04-20"
"POL0026","CUST026","health","2021-05-14","2022-05-13","770","quarterly","expired","52","male","doctor","Delhi","DL","110001","India","0","0","false","3","false","","false",""
"POL0027","CUST027","auto","2020-03-03","2021-03-02","0","monthly","cancelled","20","female","student","Houston","TX","77001","USA","2","2500","true","0.7","false","","false",""
"POL0028","CUST028","life","2010-09-28","2024-09-27","8050","annual","active","51","male","doctor","Zurich","ZH","8001","Switzerland","0","0","false","13.7","true","8200","true","2024-09-25"
"POL0029","CUST029","home","2018-08-15","2023-08-14","5600","annual","expired","46","female","bank teller","New York","NY","10011","USA","2","7000","false","5","true","5700","false","2023-08-12"
"POL0030","CUST030","travel","2023-10-01","2024-09-30","195","annual","active","33","male","tour guide","Sydney","NSW","2000","Australia","1","720","false","2.5","true","200","true","2024-09-28"
"POL0031","CUST031","other","2022-12-21","2023-12-20","5100","quarterly","active","57","female","retired","Tokyo","TK","100-0002","Japan","1","1200","false","2.2","true","5300","false","2023-12-19"
"POL0032","CUST032","auto","2022-08-29","2023-08-28","590","monthly","expired","26","male","unemployed","","","","","1","800","true","1","false","","false",""
"POL0033","CUST033","home","2023-05-30","2024-05-29","2300","annual","active","43","female","business owner","Dubai","DU","00000","UAE","1","1500","false","3","true","2350","true","2024-05-27"
"POL0034","CUST034","health","2022-04-10","2023-04-09","630","quarterly","expired","38","male","nutritionist","Paris","PAR","75004","France","1","900","false","1","true","650","false","2023-04-07"
"POL0035","CUST035","life","1999-06-17","2024-06-16","9800","semi-annual","active","81","female","centenarian","Zurich","ZH","8001","Switzerland","0","0","false","25.1","true","9900","false","2024-06-13"
"POL0036","CUST036","travel","2023-03-25","2024-03-24","210","annual","active","39","male","tour guide","Berlin","BE","10119","Germany","0","0","false","1.6","true","220","true","2024-03-20"
"POL0037","CUST037","other","2023-11-18","2024-11-17","7000","quarterly","active","44","female","artist","Rio de Janeiro","RJ","20031-050","Brazil","0","0","false","2","true","7200","true","2024-11-15"
"POL0038","CUST038","auto","2023-02-28","2024-02-27","695","annual","active","30","male","software engineer","San Francisco","CA","94111","USA","1","500","false","2","true","700","true","2024-02-25"
"POL0039","CUST039","home","2020-11-13","2021-11-12","0","annual","cancelled","24","female","unemployed","","","","","2","2500","true","0.5","false","","false",""
"POL0040","CUST040","health","2017-01-15","2022-01-14","1050","annual","expired","56","male","doctor","Delhi","DL","110002","India","2","1800","false","4.5","true","1100","false","2022-01-10"
"POL0041","CUST041","travel","2023-06-01","2024-05-31","180","annual","active","19","female","student","Cape Town","WC","8001","South Africa","0","0","true","0.8","false","","false",""
"POL0042","CUST042","home","2016-04-04","2024-04-03","16500","semi-annual","active","59","female","retired teacher","Rome","RM","00187","Italy","1","2500","false","8","true","17000","false","2024-04-01"
"POL0043","CUST043","auto","2022-11-10","2023-11-09","480","monthly","expired","25","male","student","San Francisco","CA","94103","USA","1","300","true","1","false","","false",""
"POL0044","CUST044","life","1997-03-18","2024-03-17","22000","annual","active","90","female","centenarian","Zurich","ZH","8002","Switzerland","0","0","false","27","true","22500","false","2024-03-14"
"POL0045","CUST045","other","2018-09-22","2023-09-21","48900","annual","expired","52","male","CEO","Dubai","DU","00000","UAE","1","100000","false","5.3","true","49500","false","2023-09-19"
"POL0046","CUST046","health","2022-01-16","2023-01-15","720","quarterly","expired","34","female","factory worker","Hamburg","HH","20354","Germany","0","0","false","2","false","","false",""
"POL0047","CUST047","travel","2022-07-24","2023-07-23","165","annual","expired","22","male","student","Rio de Janeiro","RJ","20031-050","Brazil","0","0","true","1","false","","false",""
"POL0048","CUST048","home","2014-12-02","2024-12-01","13400","semi-annual","active","73","female","retired","London","ENG","SW1A","UK","1","2500","false","12","true","13500","false","2024-11-28"
"POL0049","CUST049","auto","2022-07-03","2023-07-02","0","monthly","cancelled","20","female","unemployed","","","","","0","0","true","0.5","false","","false",""
"POL0050","CUST050","life","2005-09-27","2024-09-26","18100","annual","active","76","male","retired doctor","Delhi","DL","110003","India","0","0","false","18","true","18200","false","2024-09-23"
"POL0051","CUST021","auto","2018-04-12","2019-04-11","780.25","annual","expired","27","female","marketing assistant","Toronto","ON","M4C1B4","Canada","0","0","false","1","false","","false",""
"POL0052","CUST022","home","2017-07-01","2018-07-01","3200.55","annual","expired","61","male","retired doctor","Rome","RM","00185","Italy","1","1800","false","18","true","3400.45","false","2018-07-01"
"POL0053","CUST023","life","2015-09-20","2035-09-20","14200","annual","active","46","female","investment banker","Zurich","ZH","8001","Switzerland","0","0","false","10.5","true","14500","true","2035-09-19"
"POL0054","CUST024","health","2022-01-15","2023-01-14","900","monthly","active","23","male","student","Berlin","BE","10115","Germany","0","0","true","0.7","false","","false",""
"POL0055","CUST025","travel","2023-06-01","2023-12-01","135.5","annual","expired","32","female","tour guide","Cape Town","WC","8001","South Africa","0","0","false","2","false","","false",""
"POL0056","CUST026","other","2021-05-10","2022-05-10","11500","annual","active","38","male","small business owner","Dubai","DU","00000","UAE","1","6300","false","7","true","12000","true","2022-05-08"
"POL0057","CUST027","auto","2023-07-01","2024-07-01","650.8","monthly","active","21","female","student","San Francisco","CA","94110","USA","0","0","true","0.8","false","","false",""
"POL0058","CUST028","home","2019-10-14","2020-10-14","4700","semi-annual","expired","67","female","retired teacher","Sydney","NSW","2000","Australia","2","5100","false","15","true","4850","false","2020-10-14"
"POL0059","CUST029","health","2022-02-20","2023-02-20","1200","monthly","active","29","male","nutritionist","New York","NY","10002","USA","0","0","false","2","true","1250","true","2023-02-19"
"POL0060","CUST030","life","2011-03-01","2031-03-01","29500","annual","active","63","male","medical consultant","London","ENG","EC1A1BB","UK","0","0","false","20","true","30800","true","2031-02-28"
"POL0061","CUST031","auto","2020-11-05","2021-11-05","510","annual","expired","24","male","unemployed","Porto","PT","4000-001","Portugal","0","0","true","1","false","","false",""
"POL0062","CUST032","home","2020-03-19","2021-03-19","2280","annual","active","34","female","software engineer","Paris","IDF","75004","France","0","0","false","7","true","2350","true","2021-03-18"
"POL0063","CUST033","travel","2022-09-09","2022-12-09","82.75","annual","expired","40","female","artist","Rio de Janeiro","RJ","22210-030","Brazil","2","340","false","2.5","true","90.5","false","2022-12-10"
"POL0064","CUST034","other","2021-12-14","2022-12-14","4100","quarterly","cancelled","55","male","factory worker","Munich","BY","80331","Germany","4","8100","true","4","false","","false",""
"POL0065","CUST035","auto","2022-03-08","2023-03-08","890","annual","active","31","female","designer","Melbourne","VIC","3000","Australia","0","0","false","2","true","900","true","2023-03-07"
"POL0066","CUST036","life","2008-05-01","2028-05-01","65000","annual","active","72","female","centenarian","Tokyo","TK","100-0001","Japan","1","3200","false","21","true","66000","false","2028-04-30"
"POL0067","CUST037","health","2021-10-03","2022-10-03","685","annual","cancelled","22","male","student","","","","","0","0","true","0.5","false","","false",""
"POL0068","CUST038","home","2015-03-20","2020-03-20","5100","semi-annual","expired","70","female","retired","Delhi","DL","110001","India","1","1500","false","25","true","5150","false","2020-03-19"
"POL0069","CUST039","auto","2023-04-15","2024-04-15","750","annual","active","28","male","bank teller","Seattle","WA","98101","USA","0","0","false","1.5","true","780","true","2024-04-14"
"POL0070","CUST040","travel","2022-03-05","2022-09-05","115.25","annual","expired","19","female","student","Boston","MA","02116","USA","0","0","true","0.3","false","","false",""
"POL0071","CUST041","life","2013-06-10","2033-06-10","88000","annual","active","77","male","retired","Vienna","WIEN","1010","Austria","1","2700","false","18","true","90000","false","2033-06-09"
"POL0072","CUST042","health","2022-06-01","2023-06-01","1050","annual","active","36","female","nutritionist","Manchester","ENG","M11AE","UK","1","500","false","4","true","1100","true","2023-05-31"
"POL0073","CUST043","home","2020-02-19","2021-02-19","2690","annual","active","44","male","designer","London","ENG","W1A1AA","UK","1","1200","false","8","true","2750","true","2021-02-18"
"POL0074","CUST044","other","2022-05-11","2023-05-11","8000","annual","active","49","female","business owner","New York","NY","10005","USA","0","0","false","13","true","8200","true","2023-05-10"
"POL0075","CUST045","auto","2021-11-01","2022-11-01","610","annual","active","26","female","bank teller","Chicago","IL","60614","USA","0","0","false","2","true","630","true","2022-10-31"
"POL0076","CUST046","travel","2023-05-10","2023-08-10","70.95","annual","expired","28","male","tour guide","Madrid","MD","28012","Spain","1","120","false","2","true","75","false","2023-08-11"
"POL0077","CUST047","other","2019-01-19","2020-01-19","2450","quarterly","cancelled","48","female","factory worker","Brussels","BRU","1000","Belgium","6","10500","true","2","false","","false",""
"POL0078","CUST048","auto","2022-07-11","2023-07-11","710","annual","active","33","male","bank teller","San Diego","CA","92101","USA","0","0","false","2","true","728","true","2023-07-10"
"POL0079","CUST049","home","2018-05-20","2019-05-20","3350","annual","expired","64","male","doctor","Hamburg","HH","20095","Germany","3","7800","false","20","true","3400","false","2019-05-21"
"POL0080","CUST050","health","2022-01-01","2023-01-01","1100","monthly","active","41","female","nutritionist","Los Angeles","CA","90001","USA","1","600","false","3","true","1150","true","2023-01-01"
"POL0081","CUST051","auto","2023-02-12","2024-02-12","930","annual","active","36","male","designer","Austin","TX","78701","USA","2","450","false","4","true","950","true","2024-02-11"
"POL0082","CUST052","home","2017-08-20","2018-08-20","4150","semi-annual","expired","59","female","retired","Barcelona","CT","08001","Spain","1","2000","false","14","true","4250","false","2018-08-19"
"POL0083","CUST053","life","2016-04-12","2036-04-12","48500","annual","active","52","female","doctor","Geneva","GE","1201","Switzerland","0","0","false","12","true","50500","true","2036-04-11"
"POL0084","CUST054","health","2023-03-06","2024-03-06","1065","monthly","active","25","female","nutritionist","Dallas","TX","75201","USA","0","0","false","2","true","1080","true","2024-03-05"
"POL0085","CUST055","auto","2021-08-01","2022-08-01","825","annual","active","50","male","designer","Boston","MA","02118","USA","0","0","false","8","true","850","true","2022-07-31"
"POL0086","CUST056","home","2016-09-11","2017-09-11","2750","annual","expired","65","female","retired teacher","Madrid","MD","28014","Spain","1","900","false","18","true","2800","false","2017-09-10"
"POL0087","CUST057","travel","2021-04-09","2021-10-09","140.5","annual","expired","34","male","tour guide","Berlin","BE","10119","Germany","0","0","false","1","false","","false",""
"POL0088","CUST058","other","2018-03-20","2019-03-20","9850","annual","expired","53","male","factory worker","Munich","BY","80331","Germany","3","5100","true","9","false","","false",""
"POL0089","CUST059","auto","2023-08-01","2024-08-01","600","annual","active","30","female","designer","Seattle","WA","98109","USA","0","0","false","3","true","620","true","2024-07-31"
"POL0090","CUST060","home","2020-01-20","2021-01-20","3950","annual","active","42","female","software engineer","Paris","IDF","75002","France","0","0","false","10","true","4100","true","2021-01-19"
"POL0101","CUST051","home","2017-04-12","2023-04-11","1650.89","annual","active","49","female","financial advisor","Boston","MA","02108","USA","0","0","false","6","true","1679.99","true","2023-04-01"
"POL0102","CUST052","auto","2021-08-15","2022-08-14","855.75","monthly","expired","27","male","marketing analyst","Toronto","ON","M5V2T6","Canada","1","1200","false","1","false","","false",""
"POL0103","CUST053","life","2010-05-18","2022-05-17","5670.32","semi-annual","active","66","male","retired teacher","Rome","RM","00184","Italy","0","0","true","12","true","5700.25","false","2022-05-15"
"POL0104","CUST054","health","2019-09-03","2020-09-02","299.99","annual","expired","23","female","student","Sydney","NSW","2000","Australia","0","0","true","1","false","","false",""
"POL0105","CUST055","travel","2022-01-11","2023-01-10","125.5","annual","active","73","female","retired accountant","Madrid","MD","28001","Spain","0","0","false","9","true","129.99","false","2023-01-09"
"POL0106","CUST056","other","2020-05-20","2021-05-19","9800","annual","expired","38","male","business owner","Dubai","DB","00000","UAE","0","0","false","6","false","","false",""
"POL0107","CUST057","home","2016-02-14","2022-02-13","2200.3","annual","active","41","female","interior designer","Chicago","IL","60616","USA","2","3500","false","7","true","2225","true","2022-01-31"
"POL0108","CUST058","auto","2022-06-01","2023-06-01","645.34","monthly","active","34","male","software engineer","Berlin","BE","10115","Germany","0","0","false","3","true","659.99","true","2023-05-25"
"POL0109","CUST059","health","2018-10-15","2019-10-14","510.75","quarterly","expired","22","female","student","San Jose","CA","95113","USA","0","0","true","1","false","","false",""
"POL0110","CUST060","auto","2020-03-10","2021-03-09","749.99","monthly","cancelled","19","male","unemployed","Liverpool","ENG","L1 8JQ","UK","0","0","true","0.5","false","","false",""
"POL0111","CUST061","life","2005-07-01","2021-07-01","13500","annual","active","71","female","centenarian","Zurich","ZH","8001","Switzerland","1","5000","false","16","true","13750","false","2021-06-28"
"POL0112","CUST062","travel","2022-11-10","2023-11-09","89.99","annual","active","29","female","graphic designer","Los Angeles","CA","90001","USA","0","0","false","1","true","95.99","true","2023-11-01"
"POL0113","CUST063","home","2019-04-21","2023-04-20","3300","annual","active","53","male","bank manager","Cape Town","WC","8000","South Africa","0","0","false","4","true","3399.99","true","2023-04-10"
"POL0114","CUST064","health","2018-01-23","2019-01-22","615.4","annual","expired","45","male","nutritionist","New York","NY","10001","USA","1","400","false","2","false","","false",""
"POL0115","CUST065","life","2012-09-27","2022-09-26","15500","annual","active","57","male","doctor","Delhi","DL","110001","India","0","0","false","10","true","15700","false","2022-09-25"
"POL0116","CUST066","other","2016-06-20","2020-06-19","21000","annual","expired","48","female","CEO","Dubai","DB","00000","UAE","0","0","false","4","false","","false",""
"POL0117","CUST067","auto","2021-12-05","2022-12-04","490","monthly","cancelled","21","female","student","Manchester","ENG","M13 9PL","UK","0","0","true","1","false","","false",""
"POL0118","CUST068","health","2017-03-13","2018-03-12","255","annual","expired","24","male","student","Brisbane","QLD","4000","Australia","0","0","true","2","false","","false",""
"POL0119","CUST069","travel","2021-05-01","2022-05-01","65","annual","active","32","female","tour guide","Rio de Janeiro","RJ","20000","Brazil","0","0","false","1","true","69.99","true","2022-04-27"
"POL0120","CUST070","home","2018-06-18","2022-06-17","2650","annual","active","37","male","bank teller","London","ENG","E1 6AN","UK","2","2000","false","4","true","2699.99","true","2022-06-10"
"POL0121","CUST071","auto","2020-10-22","2021-10-21","599.99","monthly","cancelled","20","male","entry-level","Munich","BY","80331","Germany","1","270","true","0.5","false","","false",""
"POL0122","CUST072","life","2008-04-05","2022-04-04","8000","annual","active","75","female","retired doctor","Paris","IDF","75001","France","2","9000","true","14","true","8200","false","2022-03-31"
"POL0123","CUST073","other","2015-02-19","2020-02-18","25000","annual","expired","43","male","investment banker","New York","NY","10005","USA","1","80000","false","5","false","","false",""
"POL0124","CUST074","health","2014-09-04","2015-09-03","725","annual","expired","62","female","retired nurse","Edinburgh","SCT","EH1 1BQ","UK","1","2500","true","10","false","","false",""
"POL0125","CUST075","travel","2020-12-15","2021-12-14","110","annual","active","28","male","artist","Barcelona","CT","08001","Spain","0","0","false","2","true","115.99","true","2021-12-10"
"POL0126","CUST076","auto","2022-09-21","2023-09-20","540","monthly","active","46","male","factory worker","Frankfurt","HE","60311","Germany","0","0","false","2","true","552","true","2023-09-15"
"POL0127","CUST077","home","2013-07-12","2023-07-11","4800","annual","active","68","female","retired lawyer","Geneva","GE","1201","Switzerland","1","3000","false","10","true","4875","false","2023-07-01"
"POL0128","CUST078","life","2011-03-09","2022-03-08","9400","annual","active","55","female","nutritionist","San Francisco","CA","94105","USA","2","8000","false","11","true","9499.99","false","2022-03-03"
"POL0129","CUST079","other","2018-12-28","2022-12-27","18500","annual","active","36","male","business owner","Cape Town","WC","8001","South Africa","1","42000","false","4","true","18700","false","2022-12-20"
"POL0130","CUST080","health","2021-02-11","2022-02-10","845","quarterly","active","39","female","nutritionist","Austin","TX","73301","USA","0","0","false","2","true","879.99","true","2022-02-01"
"POL0131","CUST081","travel","2019-11-17","2020-11-16","77","annual","expired","26","male","student","Brussels","BRU","1000","Belgium","0","0","true","1","false","","false",""
"POL0132","CUST082","auto","2022-12-09","2023-12-08","699.99","monthly","active","31","female","software engineer","Seattle","WA","98101","USA","0","0","false","1","true","715","true","2023-12-01"
"POL0133","CUST083","home","2015-03-03","2022-03-02","2100","annual","active","46","male","investment banker","London","ENG","SW1A 1AA","UK","1","9500","false","7","true","2125","true","2022-02-25"
"POL0134","CUST084","life","2019-01-14","2022-01-13","7200","annual","active","44","female","nutritionist","Sydney","NSW","2000","Australia","0","0","false","3","true","7299.99","true","2022-01-10"
"POL0135","CUST085","other","2018-03-07","2022-03-06","9900","annual","active","54","male","CEO","Dubai","DB","00000","UAE","0","0","false","4","true","10000","true","2022-02-28"
"POL0136","CUST086","health","2016-11-02","2017-11-01","399.99","annual","expired","30","male","factory worker","Frankfurt","HE","60313","Germany","2","1100","true","1","false","","false",""
"POL0137","CUST087","travel","2020-08-27","2021-08-26","59.99","annual","expired","25","female","student","Cape Town","WC","8001","South Africa","0","0","true","1","false","","false",""
"POL0138","CUST088","home","2010-02-22","2022-02-21","3700","annual","active","63","female","retired professor","Geneva","GE","1202","Switzerland","0","0","false","12","true","3750","true","2022-02-15"
"POL0139","CUST089","auto","2021-04-14","2022-04-13","425","monthly","cancelled","18","female","student","Newcastle","ENG","NE1 5DL","UK","0","0","true","0.5","false","","false",""
"POL0140","CUST090","life","2006-08-28","2022-08-27","18400","annual","active","67","male","retired professor","Zurich","ZH","8002","Switzerland","2","12000","true","16","true","19000","false","2022-08-21"
"POL0141","CUST091","other","2020-01-27","2022-01-26","6200","annual","active","51","female","artist","Paris","IDF","75005","France","0","0","false","2","true","6250","true","2022-01-20"
"POL0142","CUST092","health","2021-09-23","2022-09-22","555","annual","active","36","female","bank teller","Austin","TX","78701","USA","0","0","false","2","true","560","true","2022-09-15"
"POL0143","CUST093","travel","2022-03-16","2023-03-15","45","annual","active","28","male","tour guide","Cape Town","WC","8001","South Africa","0","0","false","1","true","48","true","2023-03-07"
"POL0144","CUST094","home","2017-07-20","2022-07-19","2900","annual","active","41","female","interior designer","Paris","IDF","75004","France","0","0","false","5","true","2950","true","2022-07-10"
"POL0145","CUST095","auto","2019-10-09","2020-10-08","320","monthly","cancelled","22","male","student","Berlin","BE","10117","Germany","1","500","true","1","false","","false",""
"POL0146","CUST096","life","2011-10-25","2022-10-24","10500","annual","active","64","female","retired doctor","Rome","RM","00185","Italy","0","0","false","11","true","10600","false","2022-10-17"
"POL0147","CUST097","other","2017-05-04","2022-05-03","12450","annual","active","38","female","business owner","Dubai","DB","00000","UAE","2","6000","false","5","true","12600","true","2022-04-29"
"POL0148","CUST098","health","2011-12-01","2012-12-01","899.99","semi-annual","expired","69","male","retired professor","Tokyo","TK","100-0001","Japan","1","1500","true","10","false","","false",""
"POL0149","CUST099","travel","2022-05-19","2023-05-18","55","annual","active","29","female","graphic designer","Paris","IDF","75008","France","0","0","false","1","true","57.99","true","2023-05-10"
"POL0150","CUST100","auto","2020-05-05","2021-05-04","510","monthly","cancelled","24","female","student","San Jose","CA","95112","USA","1","800","true","1","false","","false",""
"POL0151","CUST051","health","2021-06-10","2022-06-10","1875.62","annual","active","29","female","nutritionist","Seattle","WA","98109","USA","0","0","false","3.8","true","1900","true","2022-06-02"
"POL0152","CUST052","auto","2022-02-01","2023-02-01","520","monthly","active","24","male","student","Manchester","ENG","M13 9PL","UK","0","0","true","1.2","false","","false",""
"POL0153","CUST053","home","2015-09-15","2016-09-15","3500","annual","expired","54","male","bank manager","Berlin","BE","10115","Germany","2","2100","false","7","true","3600","false","2016-09-13"
"POL0154","CUST054","life","2008-04-30","2023-04-30","9200","annual","expired","71","female","retired teacher","Zurich","ZH","8001","Switzerland","0","0","false","15","false","","false",""
"POL0155","CUST055","travel","2022-12-15","2023-12-15","185","annual","active","37","female","tour guide","Cape Town","WC","8001","South Africa","1","350","false","2.2","true","190","true","2023-12-10"
"POL0156","CUST056","health","2018-03-05","2019-03-05","1350","semi-annual","expired","44","male","nutrition consultant","Paris","IDF","75010","France","0","0","false","4.5","true","1350","false","2019-03-03"
"POL0157","CUST057","auto","2023-04-01","2024-04-01","610","monthly","active","22","male","college student","Houston","TX","77002","USA","0","0","true","1","false","","false",""
"POL0158","CUST058","other","2020-08-15","2021-08-15","12000","annual","expired","39","female","small business owner","Sydney","NSW","2000","Australia","5","9500","true","7.3","true","12500","false","2021-08-10"
"POL0159","CUST059","home","2016-07-21","2017-07-21","68900","annual","expired","48","male","CEO","Dubai","DU","00000","UAE","1","50000","false","14.2","true","69500","false","2017-07-18"
"POL0160","CUST060","auto","2023-02-01","2024-02-01","775","quarterly","active","31","female","graphic designer","Toronto","ON","M5H 2N2","Canada","0","0","false","2.6","true","780","true","2024-01-28"
"POL0161","CUST061","travel","2021-11-10","2022-11-10","95","annual","expired","65","female","retired nurse","Rome","RM","00184","Italy","0","0","false","18","false","","false",""
"POL0162","CUST062","life","2020-02-15","2021-02-15","50500","annual","expired","74","male","retired doctor","Delhi","DL","110001","India","0","0","true","22","false","","false",""
"POL0163","CUST063","other","2017-01-10","2018-01-10","7500","annual","expired","52","female","artist","Rio de Janeiro","RJ","22290-180","Brazil","2","3500","false","5.5","true","7600","false","2018-01-05"
"POL0164","CUST064","health","2022-08-20","2023-08-20","1595","semi-annual","active","33","male","personal trainer","New York","NY","10001","USA","0","0","false","3.5","true","1620","true","2023-08-18"
"POL0165","CUST065","auto","2021-07-12","2022-07-12","740","monthly","expired","25","female","entry-level","Glasgow","SCT","G1 2FF","UK","0","0","true","2","false","","false",""
"POL0166","CUST066","home","2019-12-05","2020-12-05","2900","annual","expired","42","male","bank teller","San Francisco","CA","94103","USA","0","0","false","4","true","2950","false","2020-12-02"
"POL0167","CUST067","travel","2023-05-25","2024-05-25","154","annual","active","49","male","tour guide","Berlin","BE","10117","Germany","1","200","false","5","true","160","true","2024-05-20"
"POL0168","CUST068","auto","2022-03-03","2023-03-03","815","quarterly","active","30","female","factory worker","Munich","BY","80331","Germany","0","0","false","2.8","true","825","true","2023-02-27"
"POL0169","CUST069","life","2003-04-01","2023-04-01","100000","annual","expired","88","male","centenarian","Tokyo","TKY","100-0001","Japan","0","0","true","40","false","","false",""
"POL0170","CUST070","health","2021-09-14","2022-09-14","698","quarterly","expired","23","female","","","","","","0","0","true","1.5","false","","false",""
"POL0171","CUST071","home","2022-06-08","2023-06-08","2100","annual","active","41","female","bank teller","Boston","MA","02116","USA","1","750","false","3","true","2150","true","2023-06-05"
"POL0172","CUST072","other","2021-05-16","2022-05-16","2250","annual","active","38","male","business owner","Dubai","DU","00000","UAE","0","0","false","6","true","2300","true","2022-05-13"
"POL0173","CUST073","auto","2023-01-10","2024-01-10","560","monthly","active","26","male","junior designer","Denver","CO","80202","USA","0","0","false","2.1","true","570","true","2024-01-05"
"POL0174","CUST074","travel","2022-09-11","2023-09-11","110","annual","active","53","female","artist","Madrid","MD","28013","Spain","0","0","false","1.8","true","112","true","2023-09-09"
"POL0175","CUST075","health","2020-07-01","2021-07-01","1225","quarterly","expired","67","other","retired","Geneva","GE","1201","Switzerland","0","0","false","12.5","false","","false",""
"POL0176","CUST076","auto","2022-10-11","2023-10-11","435","monthly","active","32","female","software engineer","San Jose","CA","95112","USA","0","0","false","2.5","true","440","true","2023-10-08"
"POL0177","CUST077","home","2017-03-21","2018-03-21","3800","annual","expired","49","male","nutritionist","London","ENG","W1G 0AE","UK","3","5000","false","8","true","3850","false","2018-03-19"
"POL0178","CUST078","other","2020-09-01","2021-09-01","670","monthly","expired","28","female","unemployed","Boston","MA","02115","USA","0","0","true","1","false","","false",""
"POL0179","CUST079","health","2019-10-13","2020-10-13","2200","annual","expired","56","female","doctor","Delhi","DL","110011","India","1","1200","false","10","true","2250","false","2020-10-12"
"POL0180","CUST080","auto","2020-05-10","2021-05-10","490","quarterly","expired","19","male","student","Chicago","IL","60601","USA","0","0","true","0.7","false","","false",""
"POL0181","CUST081","home","2023-02-20","2024-02-20","5100","annual","active","47","male","CEO","New York","NY","10001","USA","0","0","false","6.3","true","5200","true","2024-02-15"
"POL0182","CUST082","travel","2020-11-18","2021-11-18","135","annual","expired","64","female","retired nurse","Zurich","ZH","8002","Switzerland","0","0","false","19","false","","false",""
"POL0183","CUST083","other","2022-02-22","2023-02-22","9800","annual","active","36","male","investment banker","London","ENG","EC1A 1BB","UK","0","0","false","8.7","true","9900","true","2023-02-19"
"POL0184","CUST084","health","2022-08-14","2023-08-14","1550","semi-annual","active","34","female","nutritionist","Berlin","BE","10178","Germany","0","0","false","4.2","true","1570","true","2023-08-12"
"POL0185","CUST085","auto","2021-04-21","2022-04-21","695","monthly","expired","20","female","student","Sydney","NSW","2007","Australia","0","0","true","0.5","false","","false",""
"POL0186","CUST086","home","2018-09-29","2019-09-29","3050","annual","expired","51","male","business owner","Cape Town","WC","8005","South Africa","2","800","false","6","true","3100","false","2019-09-26"
"POL0187","CUST087","travel","2023-06-18","2024-06-18","210","annual","active","38","female","tour guide","Rio de Janeiro","RJ","22031-070","Brazil","1","140","false","2","true","215","true","2024-06-12"
"POL0188","CUST088","life","2005-03-18","2023-03-18","12000","annual","expired","85","female","retired","Rome","RM","00185","Italy","0","0","false","32","false","","false",""
"POL0189","CUST089","other","2018-11-23","2019-11-23","10100","annual","expired","45","female","artist","Paris","IDF","75001","France","4","9000","false","10","true","10200","false","2019-11-20"
"POL0190","CUST090","health","2022-04-12","2023-04-12","1480","semi-annual","active","27","female","designer","Seattle","WA","98103","USA","0","0","false","2.3","true","1490","true","2023-04-09"
"POL0191","CUST091","auto","2023-03-11","2024-03-11","610","monthly","active","28","male","factory worker","Munich","BY","80331","Germany","0","0","false","1.8","true","615","true","2024-03-08"
"POL0192","CUST092","home","2018-10-29","2019-10-29","4100","annual","expired","70","male","retired","Geneva","GE","1202","Switzerland","3","2100","false","20","false","","false",""
"POL0193","CUST093","travel","2021-07-07","2022-07-07","120","annual","expired","18","female","student","San Diego","CA","92101","USA","0","0","true","0.2","false","","false",""
"POL0194","CUST094","life","2022-01-30","2023-01-30","6500","annual","active","66","female","doctor","Delhi","DL","110003","India","0","0","false","8.5","true","6550","true","2023-01-28"
"POL0195","CUST095","other","2022-10-25","2023-10-25","8100","annual","active","35","male","business owner","Cape Town","WC","8006","South Africa","0","0","false","4","true","8150","true","2023-10-22"
"POL0196","CUST096","health","2020-06-20","2021-06-20","1750","semi-annual","expired","72","female","retired teacher","Madrid","MD","28010","Spain","1","800","false","18","false","","false",""
"POL0197","CUST097","auto","2021-12-01","2022-12-01","550","monthly","expired","34","male","junior designer","Boston","MA","02117","USA","0","0","false","2","false","","false",""
"POL0198","CUST098","home","2022-05-21","2023-05-21","2450","annual","active","46","female","bank manager","London","ENG","SW1A 1AA","UK","1","1000","false","3.8","true","2500","true","2023-05-17"
"POL0199","CUST099","travel","2022-02-07","2023-02-07","190","annual","active","36","female","tour guide","Berlin","BE","10117","Germany","0","0","false","2.5","true","195","true","2023-02-05"
"POL0200","CUST100","other","2022-07-15","2023-07-15","8200","annual","active","42","male","artist","Paris","IDF","75008","France","2","4500","false","6.5","true","8225","true","2023-07-13"
"POL0101","CUST021","auto","2022-04-15","2023-04-15","1100.5","annual","active","29","male","software engineer","San Francisco","CA","94105","USA","0","0","false","3","true","1150","true","2023-04-10"
"POL0102","CUST022","life","2012-07-01","2022-07-01","9800","annual","expired","63","female","retired teacher","Zurich","ZH","8001","Switzerland","1","2200.75","true","10","true","9850","false","2022-06-30"
"POL0103","CUST023","health","2023-01-05","2024-01-05","750","monthly","active","24","female","student","Boston","MA","02118","USA","0","0","true","1.2","false","","false",""
"POL0104","CUST024","home","2017-09-11","2022-09-11","2100.25","semi-annual","expired","52","male","nutritionist","Paris","IDF","75008","France","0","0","false","5","true","2200","false","2022-09-09"
"POL0105","CUST025","travel","2023-05-10","2024-05-10","290.75","annual","active","38","female","tour guide","Cape Town","WC","8001","South Africa","2","1200","false","2.4","true","310.5","true","2024-05-09"
"POL0106","CUST026","other","2020-02-01","2021-02-01","15000","annual","cancelled","45","male","investment banker","Dubai","DU","00000","UAE","1","80000","false","7.5","false","","false",""
"POL0107","CUST027","auto","2022-10-22","2023-10-22","850","annual","active","33","female","designer","Berlin","BE","10115","Germany","0","0","false","3.5","true","880","true","2023-10-21"
"POL0108","CUST028","health","2021-12-12","2022-12-12","520","monthly","expired","22","male","student","Tokyo","TK","100-0001","Japan","0","0","true","1","false","","false",""
"POL0109","CUST029","home","2019-03-08","2024-03-08","3200","annual","active","41","male","bank manager","London","ENG","EC1A1BB","UK","1","750.5","false","5","true","3350","true","2024-03-05"
"POL0110","CUST030","life","2006-08-18","2021-08-18","7000","semi-annual","cancelled","77","female","retired doctor","Rome","RM","00186","Italy","2","3400","true","15","false","","false",""
